"日序","日期","星期","週次","週主題","經文（和合本修訂版）","標題","類型","情感焦點","開場禱文","反思一（觀察經文）","反思二（連繫自己）","示範禱文","一週感受回顧提示"
"1","2026-11-29","日","第一週","在黑暗中等候","詩 80:1–7, 17–19","求你使我們回轉","主日詩篇","失落、渴望","主啊，我帶著此刻真實的自己來到你面前。求你在黑暗中與我同在，打開我的心聆聽你的話。","詩人一再求神「使你的臉發光」。從第 4–6 節看，他當時經歷著甚麼感受？","你生活中有沒有一處地方，好像神轉了臉、禱告沒有回應？試把它照實告訴神。","牧養我們的神啊，有時我覺得你好像轉了臉，禱告沒有回音。我不必假裝一切安好，我把這份失落照實告訴你。求你使我回轉，使你的臉向我發光。奉主耶穌的名，阿們。",""
"2","2026-11-30","一","第一週","在黑暗中等候","賽 64:1–9","願你破天而降","經文","渴望、內疚、信靠","主啊，我帶著此刻真實的自己來到你面前。求你在黑暗中與我同在，打開我的心聆聽你的話。","先知由渴望神「破天而降」，說到承認百姓的不潔，再說到「你仍是我們的父」。這段禱告經歷了哪些情緒轉變？","今天你最希望神「降臨」到你生活的哪一個地方？你相信自己仍在陶匠的手中嗎？","天父，我渴望你破天而降，進入我生活中混亂的地方。我也承認自己軟弱，常常做不到。但你仍是我的父，我是泥，你是陶匠；求你繼續塑造我。奉主耶穌的名，阿們。",""
"3","2026-12-01","二","第一週","在黑暗中等候","賽 7:10–14","以馬內利的記號","經文","懼怕、不安","主啊，我帶著此刻真實的自己來到你面前。求你在黑暗中與我同在，打開我的心聆聽你的話。","亞哈斯王在敵軍威脅下（參 7:2）拒絕向神求預兆。你覺得他的推辭背後藏著甚麼感受？","「以馬內利」就是「神與我們同在」（參 太 1:23）。今天你最需要神在哪一種感受裏與你同在？","主啊，面對不安，我有時像亞哈斯一樣，寧願靠自己，也不敢向你求。謝謝你仍然應許「以馬內利」，你與我同在。求你在我最害怕的地方，讓我經歷你的同在。奉主耶穌的名，阿們。",""
"4","2026-12-02","三","第一週","在黑暗中等候","賽 9:1–7","在黑暗中看見大光","經文","重擔、盼望、喜樂","主啊，我帶著此刻真實的自己來到你面前。求你在黑暗中與我同在，打開我的心聆聽你的話。","第 2–5 節描寫由黑暗到光明、由重擔到喜樂的轉變。哪一個畫面最觸動你？","第 6 節四個名號之中，哪一個是你今天最需要的？為甚麼？","和平的君，我心裏也有黑暗和重擔。謝謝你是奇妙策士、全能的神、永在的父。求你今天照亮我，把你的喜樂放在我心裏。奉主耶穌的名，阿們。",""
"5","2026-12-03","四","第一週","在黑暗中等候","賽 11:1–10","耶西的殘幹必長出嫩枝","經文","絕望、盼望","主啊，我帶著此刻真實的自己來到你面前。求你在黑暗中與我同在，打開我的心聆聽你的話。","樹被砍下只剩殘幹，卻長出嫩枝。第 6–9 節描繪的和平世界，帶給你甚麼感受？","你生命中有沒有像「殘幹」一樣、看似已經完結的地方？你敢不敢求神在那裏長出嫩枝？","主啊，我生命中有些地方好像已經被砍倒，看不見將來。你能叫殘幹長出嫩枝。求你在我以為完結的地方，開始你的新事。奉主耶穌的名，阿們。",""
"6","2026-12-04","五","第一週","在黑暗中等候","賽 35:1–10","曠野開花：要剛強，不要懼怕","經文","焦急、無力、得堅固","主啊，我帶著此刻真實的自己來到你面前。求你在黑暗中與我同在，打開我的心聆聽你的話。","第 3–4 節對「心裏焦急的人」說話。神怎樣回應人的懼怕和軟弱？","今天你心裏有沒有「焦急」或「無力」的地方？身邊又有誰需要你對他說一句「要剛強，不要懼怕」？","神啊，我有軟弱的手、無力的膝蓋，心裏焦急。謝謝你對我說：要剛強，不要懼怕。求你堅固我，也使我成為別人的鼓勵。奉主耶穌的名，阿們。",""
"7","2026-12-05","六","第一週","在黑暗中等候","賽 40:1–11","安慰我的百姓","經文","哀傷、被安慰","主啊，我帶著此刻真實的自己來到你面前。求你在黑暗中與我同在，打開我的心聆聽你的話。","經文一方面說「凡有血肉之軀的盡都如草」，另一方面說神像牧人把羔羊抱在胸懷。兩個畫面放在一起，給你甚麼感受？","今天你需要怎樣的安慰？試想像自己被牧人抱在胸懷，你想對祂說甚麼？","好牧人，我像草一樣軟弱，也需要被安慰。謝謝你把我抱在胸懷，溫柔地引導我。今天我把疲倦和憂傷都放在你手裏。奉主耶穌的名，阿們。",""
"8","2026-12-06","日","第二週","預備道路","詩 85","慈愛和誠實彼此相遇","主日詩篇＋一週感受回顧","感恩、渴望、平安","主啊，求你在我心裏預備你的道路。我把今天的感受帶到你面前，求你向我說話。","詩人記念神過去的恩典（第 1–3 節），又求神再次復興（第 4–7 節）。這種「記得」與「渴望」並存的感受，你熟悉嗎？","第 8 節詩人說「我要聽」。這個星期你最想聽神對你說甚麼？","信實的神，我記得你過去的恩典，也渴望你再次復興我。這一週的感受，無論高低，我都帶到你面前。求你使我安靜聆聽你的聲音，賜我平安。奉主耶穌的名，阿們。","回看過去七天的感受紀錄：哪一種核心情緒出現得最多？讀經前後的感受有沒有改變？哪一段經文最觸動你？上週的主題是「在黑暗中等候」，你在哪一天最感到被神看見？把這一週交託給神。"
"9","2026-12-07","一","第二週","預備道路","瑪 3:1–4; 4:5–6","我要差遣我的使者","經文","敬畏、不安、和好","主啊，求你在我心裏預備你的道路。我把今天的感受帶到你面前，求你向我說話。","主的來臨像煉金匠的火、漂洗者的鹼（3:2）。這個形象帶給你安慰、不安，還是兩者都有？","神應許差遣以利亞，使父親的心轉向兒女（4:5–6）；路 1:17 說明這應許應驗在施洗約翰身上（第 16 日會讀到）。你有沒有一段關係，需要神使心「轉向」？","主啊，你的來臨像煉淨的火，我既渴望又有點害怕。求你溫柔地煉淨我，也使我和身邊的人彼此轉向，修補破損的關係。奉主耶穌的名，阿們。",""
"10","2026-12-08","二","第二週","預備道路","可 1:1–8","曠野的呼聲","經文","孤單、坦誠、渴望","主啊，求你在我心裏預備你的道路。我把今天的感受帶到你面前，求你向我說話。","人們離開城市，走到曠野見約翰，承認自己的罪。約翰卻不指向自己，而是指向一位「能力比我更大」的（第 7 節）。你想那些人當時心裏帶著甚麼感受？","你生命的「曠野」在哪裏？神會不會正在那裏對你說話？","神啊，我也有自己的曠野，那裏乾旱又寂靜。求你在曠野中對我說話，讓我坦然承認自己的罪，真心悔改，轉向那位比約翰能力更大的主耶穌。求你預備我的心迎接祂。奉主耶穌的名，阿們。",""
"11","2026-12-09","三","第二週","預備道路","路 3:1–6","一切山窪都要填滿","經文","被忽略、被看見","主啊，求你在我心裏預備你的道路。我把今天的感受帶到你面前，求你向我說話。","第 1–2 節列出許多有權勢的人，神的話卻臨到曠野中的約翰。這告訴你神怎樣看待被忽略的人和地方？","你心裏有沒有一些「山窪」（低落、空洞），或「大小山岡」（驕傲、隔膜），需要神修平？","主啊，你看見被忽略的人，也看見我。我心裏有低谷，也有高牆。求你修平我心中的道路，讓我看見你的救恩。奉主耶穌的名，阿們。",""
"12","2026-12-10","四","第二週","預備道路","路 3:7–14","我們該做甚麼呢？","經文","被責備、內疚、行動","主啊，求你在我心裏預備你的道路。我把今天的感受帶到你面前，求你向我說話。","約翰的話很嚴厲，群眾卻沒有離開，反而問「我們該做甚麼呢？」。你想他們聽到這些話時有甚麼感受？","約翰的回答都很實際：分衣裳、不要多收、不勒索。今天你可以用一個甚麼具體行動回應神？","主啊，你的話有時刺痛我，但我不想走開。我想問：我該做甚麼呢？求你給我勇氣，今天用一個實際行動回應你。奉主耶穌的名，阿們。",""
"13","2026-12-11","五","第二週","預備道路","約 1:6–8, 19–28","我不是基督","經文","壓力、謙卑、自由","主啊，求你在我心裏預備你的道路。我把今天的感受帶到你面前，求你向我說話。","別人一再追問約翰「你是誰」，他坦然回答「我不是基督」。你覺得他說這話時是自卑、平安，還是自由？","你有沒有被期望要扮演一個「超過自己」的角色？在神面前承認「我不是」，帶給你壓力還是釋放？","主耶穌，我不是救主，你才是。謝謝你讓我不必背起不屬於我的擔子。求你讓我像約翰一樣，自由地指向你。奉主耶穌的名，阿們。",""
"14","2026-12-12","六","第二週","預備道路","彼後 3:8–15","等候中的忍耐","經文","不耐煩、盼望","主啊，求你在我心裏預備你的道路。我把今天的感受帶到你面前，求你向我說話。","有人以為主遲延了，彼得卻說主並沒有遲延，而是寬容（第 9 節）。這樣看等候，你有甚麼感受？","你現在正在等候甚麼？將臨期不單記念主第一次降生，也提醒我們正在等候主再來（第 10、13 節）。在等候的日子裏，你想怎樣竭力地生活（第 14 節）？","永恆的神，等候常常令我不耐煩。謝謝你並沒有遲延，而是寬容我們。求你幫助我在等候中竭力生活，盼望你所應許的新天新地，等候主耶穌再來。奉主耶穌的名，阿們。",""
"15","2026-12-13","日","第三週","等候的人","詩 126","流淚撒種的，必歡呼收割","主日詩篇＋一週感受回顧","眼淚、喜樂","主啊，你看見每一個在等候中的人，也看見我。求你讓我在經文中遇見你。","這篇詩同時有「滿口喜笑」與「流淚撒種」。你覺得喜樂和眼淚可以同時存在嗎？","你現在是在「撒種」還是「收割」的季節？試把你含淚撒下的種子告訴神。","主啊，我的生命有歡笑，也有眼淚。謝謝你看重我每一滴淚，應許流淚撒種的必歡呼收割。這一週的感受，我都交在你手中。奉主耶穌的名，阿們。","回看過去七天的感受紀錄：哪一種核心情緒出現得最多？讀經前後的感受有沒有改變？哪一段經文最觸動你？上週的主題是「預備道路」，你心裏有哪一條路被神修平了一點？把這一週交託給神。"
"16","2026-12-14","一","第三週","等候的人","路 1:5–17","撒迦利亞：你的祈禱已經被聽見了","經文","失望、驚慌、被聽見","主啊，你看見每一個在等候中的人，也看見我。求你讓我在經文中遇見你。","撒迦利亞夫婦在神面前都是義人，卻多年沒有兒女。天使出現時撒迦利亞驚慌害怕（第 12 節）。如果你是撒迦利亞，那一刻心裏還會有甚麼感受？","你有沒有一個禱告，禱告了很久，甚至已經不敢再求？今天試把它再帶到神面前。","聽禱告的神，有些禱告我已經等了很久，甚至不敢再求。謝謝你記得每一個禱告。今天我把它再次帶到你面前，求你除去我的懼怕。奉主耶穌的名，阿們。",""
"17","2026-12-15","二","第三週","等候的人","路 1:18–25","撒迦利亞的疑問，伊利莎白的羞恥被除掉","經文","懷疑、羞恥、被看顧","主啊，你看見每一個在等候中的人，也看見我。求你讓我在經文中遇見你。","撒迦利亞追問「我怎麼能知道這事呢？」，伊利莎白卻說主除掉了她在人前的羞恥（第 25 節）。夫婦二人的感受有甚麼不同？","你心裏有沒有一份懷疑或羞恥？撒迦利亞因為不信而成了啞巴（第 20 節），神有管教，卻沒有收回應許。這份「管教中仍有恩典」，對你有甚麼意義？","主啊，我心裏有懷疑，也有羞恥。謝謝你沒有因我的不信放棄我；你的管教裏仍然有恩典，你看顧我，除去我的羞恥。求你在我的沉默中繼續工作。奉主耶穌的名，阿們。",""
"18","2026-12-16","三","第三週","等候的人","路 1:26–38","馬利亞：願意照你的話實現","經文","驚慌、困惑、順服","主啊，你看見每一個在等候中的人，也看見我。求你讓我在經文中遇見你。","馬利亞由很驚慌，又反覆思考（第 29 節），到提出疑問（第 34 節），再到願意順服（第 38 節）。如果你是馬利亞，這幾步之中哪一步對你最難？","神的計劃打亂了馬利亞原本的人生。你現在有沒有一件「打亂計劃」的事？你可以怎樣向神說出真實的疑問，同時學習交託？","主啊，當你的計劃打亂我的計劃，我會驚慌，也會有疑問。謝謝你容許我問。求你幫助我像馬利亞一樣說：願意照你的話實現在我身上。奉主耶穌的名，阿們。",""
"19","2026-12-17","四","第三週","等候的人","路 1:39–45","伊利莎白：腹裏的胎歡喜跳動","經文","被接納、喜樂","主啊，你看見每一個在等候中的人，也看見我。求你讓我在經文中遇見你。","兩個蒙神奇妙懷孕的女人相遇。伊利莎白被聖靈充滿，沒有質疑，反而高聲祝福，更稱馬利亞為「我主的母親」（第 41–43 節），認出她腹中的就是主。如果你是馬利亞，聽到這些話時會有甚麼感受？","誰是你生命中的「伊利莎白」，會陪你、肯定你？這個星期你又可以成為誰的伊利莎白？","主啊，謝謝你把陪伴我、祝福我的人放在我身邊。求你也使我成為別人的祝福，在他們不安的時候，給他們肯定和盼望。奉主耶穌的名，阿們。",""
"20","2026-12-18","五","第三週","等候的人","路 1:46–56","馬利亞的尊主頌","經文","卑微、讚美","主啊，你看見每一個在等候中的人，也看見我。求你讓我在經文中遇見你。","馬利亞的處境並不容易，她卻唱出讚美。她的喜樂從哪裏來？","試用一句話，寫出今天你可以尊神為大的一件事，哪怕只是很小的事。","全能的神，你看顧卑微的人，也記念我。即使處境不容易，我仍願意尊你為大。謝謝你今天給我的每一份恩典，無論大小。奉主耶穌的名，阿們。",""
"21","2026-12-19","六","第三週","等候的人","路 1:57–66, 76–79","撒迦利亞開口：清晨的日光","經文","沉默、釋放、盼望","主啊，你看見每一個在等候中的人，也看見我。求你讓我在經文中遇見你。","撒迦利亞沉默了好幾個月，一開口就讚美神。你想這段沉默的日子對他有甚麼意義？","第 78–79 節說清晨的日光要照亮坐在黑暗中的人。回看第一週「在黑暗中等候」，你的感受走到哪裏了？","主啊，謝謝你在我的沉默和黑暗中仍然工作。你是清晨的日光，照亮坐在黑暗中的人。求你把我的腳引到和平的路上。奉主耶穌的名，阿們。",""
"22","2026-12-20","日","第四週","降生","詩 98","全地都要歡呼","主日詩篇＋一週感受回顧","歡呼、真實的敬拜","主耶穌，你降生來到我們中間。我把今天的心情帶到你面前，求你親近我。","這篇詩連海、大水、諸山都一起歡呼。詩人為甚麼這麼喜樂？（留意第 1–3 節）","今天你的心情未必想歡呼。你可以帶著真實的自己，向神唱一首怎樣的「新歌」？","君王耶穌，全地都要向你歡呼。我的心情未必每天都想歡呼，但我願意帶著真實的自己來敬拜你。求你教我唱一首新歌。奉主耶穌的名，阿們。","回看過去七天的感受紀錄：哪一種核心情緒出現得最多？讀經前後的感受有沒有改變？哪一段經文最觸動你？上週你遇見了撒迦利亞、伊利莎白和馬利亞，你的感受最像哪一位？把這一週交託給神。"
"23","2026-12-21","一","第四週","降生","太 1:18–25","約瑟：不要怕","經文","受傷、懼怕、勇氣","主耶穌，你降生來到我們中間。我把今天的心情帶到你面前，求你親近我。","約瑟發現馬利亞懷孕，想要暗地裏把她休了。從這個決定，你看到他怎樣的感受和品格？","天使對約瑟說「不要怕」。今天有甚麼事令你害怕，需要聽神對你說這句話？","主啊，我也有害怕和難以決定的事。謝謝你差耶穌來，救我們脫離罪惡，又作以馬內利，與我們同在。謝謝你對我說：不要怕。求你給我勇氣，像約瑟一樣聽你的話，信靠你的帶領。奉主耶穌的名，阿們。",""
"24","2026-12-22","二","第四週","降生","撒下 7:8–16","神為大衛建立家室","經文","驚訝、感恩","主耶穌，你降生來到我們中間。我把今天的心情帶到你面前，求你親近我。","大衛想為神建殿，神卻說要為大衛建立家室，並應許「你的王位也必堅定，直到永遠」（第 16 節）；這應許最終在耶穌身上應驗（參 路 1:32–33）。當神的計劃比自己的更大，大衛可能有甚麼感受？","神提醒大衛是從羊圈中被召出來的（第 8 節）。回想神怎樣一路帶領你，你心裏生出甚麼感受？","信實的神，你從羊圈中呼召大衛，也一路帶領我走到今天。你應許大衛的永遠王位，在主耶穌身上成就了。你的計劃比我的更大，求你使我安息在你的應許裏。奉主耶穌的名，阿們。",""
"25","2026-12-23","三","第四週","降生","彌 5:2–5","伯利恆的以法他","經文","渺小、平安","主耶穌，你降生來到我們中間。我把今天的心情帶到你面前，求你親近我。","伯利恆在猶大諸城中雖小，神卻從那裏興起掌權的；而這一位「他的根源自亙古，從太初就有」（第 2 節）。降生在小城的，原來是永恆的主。這對覺得自己渺小的人有甚麼安慰？","第 5 節說「這位就是和平」。在忙碌的聖誕前夕，你最需要哪一種平安？","主啊，我常覺得自己渺小。謝謝你，永恆的主，竟然降生在小小的伯利恆。在忙碌的日子裏，求你作我的平安。奉主耶穌的名，阿們。",""
"26","2026-12-24","四","第四週","降生","路 2:1–7","放在馬槽裏","平安夜","疲累、無處安身、溫暖","主耶穌，你降生來到我們中間。我把今天的心情帶到你面前，求你親近我。","長途跋涉、臨盆在即、找不到地方住。你想馬利亞和約瑟那一夜有甚麼感受？","「客店裏沒有地方」。今晚你的心裏，可以為耶穌騰出一個怎樣的位置？","主耶穌，你降生在沒有地方的馬槽裏。今晚我想在心裏為你騰出一個位置。求你進來，住在我心中。奉主耶穌的名，阿們。",""
"27","2026-12-25","五","第四週","降生","路 2:8–20","大喜的信息","聖誕日","懼怕、大喜、珍藏","主耶穌，你降生來到我們中間。我把今天的心情帶到你面前，求你親近我。","牧羊人由很懼怕，到歸榮耀給神；馬利亞卻把這一切存在心裏，反覆思考。兩種回應有甚麼不同？","回看這 27 天的感受紀錄，有哪一件事你想像馬利亞一樣「存在心裏」？","主耶穌，謝謝你在大衛的城裏降生，作我們的救主，就是主基督，帶來給萬民的大喜信息。這二十七天的感受和經歷，我都像馬利亞一樣存在心裏。求你繼續與我同行。奉主耶穌的名，阿們。","回看這 27 天，你的感受由哪裏走到哪裏？哪一天神特別親近你？帶著這份記憶，迎接聖誕。"
