日序,日期,星期,週次,週主題,經文（和合本修訂版）,標題,類型,經文全文（神版）,經文全文（上帝版）
1,2026-11-29,日,第一週,在黑暗中等候,"詩 80:1–7, 17–19",求你使我們回轉,主日詩篇,"1 領約瑟如領羊群的以色列牧者啊，求你側耳而聽！在基路伯之上坐寶座的啊，求你發出光來！
2 在以法蓮、便雅憫、瑪拿西面前求你施展你的大能，拯救我們。
3 神啊，求你使我們回轉，使你的臉發光，我們就會得救！
4 耶和華─萬軍之神啊，你因你百姓的禱告發怒，要到幾時呢？
5 你以眼淚當食物給他們吃，量出滿碗的眼淚給他們喝。
6 你使鄰邦因我們紛爭，我們的仇敵彼此戲笑。
7 萬軍之神啊，求你使我們回轉，使你的臉發光，我們就會得救！
17 願你的手扶持你右邊的人，你為自己所堅固的人子。
18 這樣，我們就不背離你；求你救活我們，讓我們得以求告你的名。
19 耶和華─萬軍之神啊，求你使我們回轉，使你的臉發光，我們就會得救！","1 領約瑟如領羊群的以色列牧者啊，求你側耳而聽！在基路伯之上坐寶座的啊，求你發出光來！
2 在以法蓮、便雅憫、瑪拿西面前求你施展你的大能，拯救我們。
3 上帝啊，求你使我們回轉，使你的臉發光，我們就會得救！
4 耶和華─萬軍之上帝啊，你因你百姓的禱告發怒，要到幾時呢？
5 你以眼淚當食物給他們吃，量出滿碗的眼淚給他們喝。
6 你使鄰邦因我們紛爭，我們的仇敵彼此戲笑。
7 萬軍之上帝啊，求你使我們回轉，使你的臉發光，我們就會得救！
17 願你的手扶持你右邊的人，你為自己所堅固的人子。
18 這樣，我們就不背離你；求你救活我們，讓我們得以求告你的名。
19 耶和華─萬軍之上帝啊，求你使我們回轉，使你的臉發光，我們就會得救！"
2,2026-11-30,一,第一週,在黑暗中等候,賽 64:1–9,願你破天而降,經文,"1 願你破天而降，願山在你面前震動，
2 好像火燒乾柴，又如火將水燒開，使你敵人知道你的名，列國必在你面前發顫！
3 你曾做我們不能逆料可畏的事；那時你降臨，山嶺在你面前震動。
4 自古以來，人未曾聽見，未曾耳聞，未曾眼見，除你以外，還有神能為等候他的人行事。
5 你迎見那歡喜行義、記念你道的人；看哪，你曾發怒，因我們犯了罪；這景況已久，我們還能得救嗎？
6 我們都如不潔淨的人，所行的義都像污穢的衣服。我們如葉子漸漸枯乾，罪孽像風把我們吹走。
7 無人求告你的名，無人奮力抓住你。你轉臉不顧我們，你使我們因罪孽而融化。
8 但耶和華啊，現在你仍是我們的父！我們是泥，你是陶匠；我們都是你親手所造的。
9 耶和華啊，求你不要大發震怒，也不要永遠記得罪孽；看哪，求你垂顧我們，因我們都是你的百姓。","1 願你破天而降，願山在你面前震動，
2 好像火燒乾柴，又如火將水燒開，使你敵人知道你的名，列國必在你面前發顫！
3 你曾做我們不能逆料可畏的事；那時你降臨，山嶺在你面前震動。
4 自古以來，人未曾聽見，未曾耳聞，未曾眼見，除你以外，還有上帝能為等候他的人行事。
5 你迎見那歡喜行義、記念你道的人；看哪，你曾發怒，因我們犯了罪；這景況已久，我們還能得救嗎？
6 我們都如不潔淨的人，所行的義都像污穢的衣服。我們如葉子漸漸枯乾，罪孽像風把我們吹走。
7 無人求告你的名，無人奮力抓住你。你轉臉不顧我們，你使我們因罪孽而融化。
8 但耶和華啊，現在你仍是我們的父！我們是泥，你是陶匠；我們都是你親手所造的。
9 耶和華啊，求你不要大發震怒，也不要永遠記得罪孽；看哪，求你垂顧我們，因我們都是你的百姓。"
3,2026-12-01,二,第一週,在黑暗中等候,賽 7:10–14,以馬內利的記號,經文,"10 耶和華又吩咐亞哈斯：
11 「你向耶和華－你的神求一個預兆：在陰間的深淵，或往上的高處。」
12 但亞哈斯說：「我不求；我不試探耶和華。」
13 以賽亞說：「聽啊，大衛家！你們使人厭煩豈算小事，還要使我的神厭煩嗎？
14 因此，主自己要給你們一個預兆，看哪，必有童女懷孕生子，給他起名叫以馬內利。","10 耶和華又吩咐亞哈斯：
11 「你向耶和華－你的上帝求一個預兆：在陰間的深淵，或往上的高處。」
12 但亞哈斯說：「我不求；我不試探耶和華。」
13 以賽亞說：「聽啊，大衛家！你們使人厭煩豈算小事，還要使我的上帝厭煩嗎？
14 因此，主自己要給你們一個預兆，看哪，必有童女懷孕生子，給他起名叫以馬內利。"
4,2026-12-02,三,第一週,在黑暗中等候,賽 9:1–7,在黑暗中看見大光,經文,"1 但那受過痛苦的必不再見幽暗。從前神使西布倫地和拿弗他利地被藐視，末後卻使這沿海的路，約旦河東，外邦人居住的加利利地得榮耀。
2 在黑暗中行走的百姓看見了大光；住在死蔭之地的人有光照耀他們。
3 你使這國民眾多，使他們喜樂大增；他們在你面前歡喜，好像收割時的歡喜，又像人分戰利品那樣的快樂。
4 因為他們所負的重軛和肩頭上的杖，並欺壓者的棍，你都已經折斷，如同在米甸的日子一般。
5 戰士在戰亂中所穿的靴子，以及那滾在血中的衣服，都必當作柴火燃燒。
6 因有一嬰孩為我們而生；有一子賜給我們。政權必擔在他的肩頭上；他名稱為「奇妙策士、全能的神、永在的父、和平的君」。
7 他的政權與平安必加增無窮。他必在大衛的寶座上治理他的國，以公平公義使國堅定穩固，從今直到永遠。萬軍之耶和華的熱心必成就這事。","1 但那受過痛苦的必不再見幽暗。從前上帝使西布倫地和拿弗他利地被藐視，末後卻使這沿海的路，約旦河東，外邦人居住的加利利地得榮耀。
2 在黑暗中行走的百姓看見了大光；住在死蔭之地的人有光照耀他們。
3 你使這國民眾多，使他們喜樂大增；他們在你面前歡喜，好像收割時的歡喜，又像人分戰利品那樣的快樂。
4 因為他們所負的重軛和肩頭上的杖，並欺壓者的棍，你都已經折斷，如同在米甸的日子一般。
5 戰士在戰亂中所穿的靴子，以及那滾在血中的衣服，都必當作柴火燃燒。
6 因有一嬰孩為我們而生；有一子賜給我們。政權必擔在他的肩頭上；他名稱為「奇妙策士、全能的上帝、永在的父、和平的君」。
7 他的政權與平安必加增無窮。他必在大衛的寶座上治理他的國，以公平公義使國堅定穩固，從今直到永遠。萬軍之耶和華的熱心必成就這事。"
5,2026-12-03,四,第一週,在黑暗中等候,賽 11:1–10,耶西的殘幹必長出嫩枝,經文,"1 從耶西的殘幹必長出嫩枝，他的根所抽的枝子必結果實。
2 耶和華的靈必住在他身上，就是智慧和聰明的靈，謀略和能力的靈，知識和敬畏耶和華的靈。
3 他必以敬畏耶和華為樂；行審判不憑眼見，斷是非也不憑耳聞；
4 卻要以公義審判貧寒人，以正直判斷地上的困苦人，以口中的棍擊打全地，以嘴裏的氣殺戮惡人。
5 公義必當他的腰帶，信實必作他脅下的帶子。
6 野狼必與小綿羊同住，豹子與小山羊同臥；少壯獅子、牛犢和肥畜同群；孩童要牽引牠們。
7 牛必與熊同食，牛犢與小熊同臥；獅子與牛一樣吃草。
8 吃奶的嬰孩在虺蛇的洞口玩耍，斷奶的幼兒必按手在毒蛇的穴上。
9 在我聖山各處，牠們都不傷人，不害物；因為認識耶和華的知識要遍滿全地，好像水充滿海洋一般。
10 到那日，耶西的根立作萬民的大旗；列國的人必尋求他，他安歇之所大有榮耀。","1 從耶西的殘幹必長出嫩枝，他的根所抽的枝子必結果實。
2 耶和華的靈必住在他身上，就是智慧和聰明的靈，謀略和能力的靈，知識和敬畏耶和華的靈。
3 他必以敬畏耶和華為樂；行審判不憑眼見，斷是非也不憑耳聞；
4 卻要以公義審判貧寒人，以正直判斷地上的困苦人，以口中的棍擊打全地，以嘴裏的氣殺戮惡人。
5 公義必當他的腰帶，信實必作他脅下的帶子。
6 野狼必與小綿羊同住，豹子與小山羊同臥；少壯獅子、牛犢和肥畜同群；孩童要牽引牠們。
7 牛必與熊同食，牛犢與小熊同臥；獅子與牛一樣吃草。
8 吃奶的嬰孩在虺蛇的洞口玩耍，斷奶的幼兒必按手在毒蛇的穴上。
9 在我聖山各處，牠們都不傷人，不害物；因為認識耶和華的知識要遍滿全地，好像水充滿海洋一般。
10 到那日，耶西的根立作萬民的大旗；列國的人必尋求他，他安歇之所大有榮耀。"
6,2026-12-04,五,第一週,在黑暗中等候,賽 35:1–10,曠野開花：要剛強，不要懼怕,經文,"1 曠野和乾旱之地必然歡喜，沙漠也必快樂；又如玫瑰綻放，
2 朵朵繁茂，其樂融融，而且歡呼。黎巴嫩的榮耀，並迦密與沙崙的華美，必賜給它。人要看見耶和華的榮耀，看見我們神的榮美。
3 你們要使軟弱的手強壯，使無力的膝蓋穩固；
4 對心裏焦急的人說：「要剛強，不要懼怕。看哪，你們的神要來施報，要施行極大的報應，他必來拯救你們。」
5 那時，盲人的眼必睜開，聾子的耳必開通。
6 那時，瘸子必跳躍如鹿，啞巴的舌頭必歡呼。在曠野有水噴出，在沙漠有江河湧流。
7 火熱之地要變為水池，乾渴之地要變為泉源。野狗躺臥休息之處必長出青草、蘆葦和蒲草。
8 在那裏必有一條大道，就是一條路，稱為聖路。污穢的人不得經過，是專為走路的人預備的，愚昧的人也不會迷路。
9 在那裏沒有獅子，猛獸也不經過；在那裏牠們未現蹤跡，只有救贖的民在那裏行走。
10 耶和華救贖的民必歸回，歌唱來到錫安；永遠的快樂必歸到他們頭上，他們必得著歡喜快樂，憂傷嘆息盡都逃避。","1 曠野和乾旱之地必然歡喜，沙漠也必快樂；又如玫瑰綻放，
2 朵朵繁茂，其樂融融，而且歡呼。黎巴嫩的榮耀，並迦密與沙崙的華美，必賜給它。人要看見耶和華的榮耀，看見我們上帝的榮美。
3 你們要使軟弱的手強壯，使無力的膝蓋穩固；
4 對心裏焦急的人說：「要剛強，不要懼怕。看哪，你們的上帝要來施報，要施行極大的報應，他必來拯救你們。」
5 那時，盲人的眼必睜開，聾子的耳必開通。
6 那時，瘸子必跳躍如鹿，啞巴的舌頭必歡呼。在曠野有水噴出，在沙漠有江河湧流。
7 火熱之地要變為水池，乾渴之地要變為泉源。野狗躺臥休息之處必長出青草、蘆葦和蒲草。
8 在那裏必有一條大道，就是一條路，稱為聖路。污穢的人不得經過，是專為走路的人預備的，愚昧的人也不會迷路。
9 在那裏沒有獅子，猛獸也不經過；在那裏牠們未現蹤跡，只有救贖的民在那裏行走。
10 耶和華救贖的民必歸回，歌唱來到錫安；永遠的快樂必歸到他們頭上，他們必得著歡喜快樂，憂傷嘆息盡都逃避。"
7,2026-12-05,六,第一週,在黑暗中等候,賽 40:1–11,安慰我的百姓,經文,"1 你們的神說：「要安慰，安慰我的百姓。
2 要對耶路撒冷說安慰的話，向它宣告，它的戰爭已結束，它的罪孽已赦免；它為自己一切的罪，已從耶和華手中加倍受罰。」
3 有聲音呼喊著：「要在曠野為耶和華預備道路，在沙漠為我們的神修直大道。
4 一切山窪都要填滿，大小山岡都要削平；陡峭的要變為平坦，崎嶇的必成為平原。
5 耶和華的榮耀必然顯現，凡有血肉之軀的都一同看見，因為這是耶和華親口說的。」
6 有聲音說：「你喊叫吧！」我說：「我喊叫甚麼呢？」凡有血肉之軀的盡都如草，他的一切榮美像野地的花。
7 耶和華吹一口氣，草就枯乾，花也凋謝。百姓誠然是草；
8 草必枯乾，花必凋謝，惟有我們神的話永遠立定。
9 報好信息的錫安哪，要登高山；報好信息的耶路撒冷啊，要極力揚聲。揚聲不要懼怕，對猶大的城鎮說：「看哪，你們的神！」
10 看哪，主耶和華必以大能臨到，他的膀臂必為他掌權；看哪，他的賞賜在他那裏，他的報應在他面前。
11 他要像牧人牧養自己的羊群，用膀臂聚集羔羊，抱在胸懷，慢慢引導那乳養小羊的。","1 你們的上帝說：「要安慰，安慰我的百姓。
2 要對耶路撒冷說安慰的話，向它宣告，它的戰爭已結束，它的罪孽已赦免；它為自己一切的罪，已從耶和華手中加倍受罰。」
3 有聲音呼喊著：「要在曠野為耶和華預備道路，在沙漠為我們的上帝修直大道。
4 一切山窪都要填滿，大小山岡都要削平；陡峭的要變為平坦，崎嶇的必成為平原。
5 耶和華的榮耀必然顯現，凡有血肉之軀的都一同看見，因為這是耶和華親口說的。」
6 有聲音說：「你喊叫吧！」我說：「我喊叫甚麼呢？」凡有血肉之軀的盡都如草，他的一切榮美像野地的花。
7 耶和華吹一口氣，草就枯乾，花也凋謝。百姓誠然是草；
8 草必枯乾，花必凋謝，惟有我們上帝的話永遠立定。
9 報好信息的錫安哪，要登高山；報好信息的耶路撒冷啊，要極力揚聲。揚聲不要懼怕，對猶大的城鎮說：「看哪，你們的上帝！」
10 看哪，主耶和華必以大能臨到，他的膀臂必為他掌權；看哪，他的賞賜在他那裏，他的報應在他面前。
11 他要像牧人牧養自己的羊群，用膀臂聚集羔羊，抱在胸懷，慢慢引導那乳養小羊的。"
8,2026-12-06,日,第二週,預備道路,詩 85,慈愛和誠實彼此相遇,主日詩篇＋一週感受回顧,"1 耶和華啊，你已經向你的地施恩，救回被擄的雅各。
2 你赦免了你百姓的罪孽，遮蓋了他們一切的過犯。（細拉）
3 你收回所發的憤怒，撤銷你猛烈的怒氣。
4 拯救我們的神啊，求你使我們回轉，使你向我們所發的憤怒止息。
5 你要向我們發怒到永遠嗎？要將你的怒氣延留到萬代嗎？
6 你不再將我們救活，使你的百姓因你歡喜嗎？
7 耶和華啊，求你使我們得見你的慈愛，又將你的救恩賜給我們。
8 我要聽神－耶和華所說的話，因為他必應許賜平安給他的百姓，就是他的聖民；他們卻不可再轉向愚昧。
9 他的救恩誠然與敬畏他的人相近，使榮耀住在我們的地上。
10 慈愛和誠實彼此相遇，公義與和平彼此相親。
11 誠實從地而生，公義從天而現。
12 耶和華必賜福氣給我們；我們的地也要出土產。
13 公義要行在他面前，使他的腳蹤有可走之路。","1 耶和華啊，你已經向你的地施恩，救回被擄的雅各。
2 你赦免了你百姓的罪孽，遮蓋了他們一切的過犯。（細拉）
3 你收回所發的憤怒，撤銷你猛烈的怒氣。
4 拯救我們的上帝啊，求你使我們回轉，使你向我們所發的憤怒止息。
5 你要向我們發怒到永遠嗎？要將你的怒氣延留到萬代嗎？
6 你不再將我們救活，使你的百姓因你歡喜嗎？
7 耶和華啊，求你使我們得見你的慈愛，又將你的救恩賜給我們。
8 我要聽上帝－耶和華所說的話，因為他必應許賜平安給他的百姓，就是他的聖民；他們卻不可再轉向愚昧。
9 他的救恩誠然與敬畏他的人相近，使榮耀住在我們的地上。
10 慈愛和誠實彼此相遇，公義與和平彼此相親。
11 誠實從地而生，公義從天而現。
12 耶和華必賜福氣給我們；我們的地也要出土產。
13 公義要行在他面前，使他的腳蹤有可走之路。"
9,2026-12-07,一,第二週,預備道路,瑪 3:1–4; 4:5–6,我要差遣我的使者,經文,"3:1 萬軍之耶和華說：「看哪，我要差遣我的使者在我前面預備道路。你們所尋求的主必忽然來到他的殿；立約的使者，就是你們所仰慕的，看哪，快要來到。」
3:2 他來的日子，誰能當得起呢？他顯現的時候，誰能立得住呢？因為他如煉金匠的火，如漂洗者的鹼。
3:3 他必坐下如煉淨銀子的人，必潔淨利未人，熬煉他們像金銀一樣；他們就憑公義獻供物給耶和華。
3:4 那時，猶大和耶路撒冷所獻的供物必蒙耶和華悅納，彷彿古時之日、上古之年。
4:5 「看哪，耶和華大而可畏之日未到以前，我要差遣以利亞先知到你們那裏去。
4:6 他必使父親的心轉向兒女，兒女的心轉向父親，免得我來詛咒這地。」","3:1 萬軍之耶和華說：「看哪，我要差遣我的使者在我前面預備道路。你們所尋求的主必忽然來到他的殿；立約的使者，就是你們所仰慕的，看哪，快要來到。」
3:2 他來的日子，誰能當得起呢？他顯現的時候，誰能立得住呢？因為他如煉金匠的火，如漂洗者的鹼。
3:3 他必坐下如煉淨銀子的人，必潔淨利未人，熬煉他們像金銀一樣；他們就憑公義獻供物給耶和華。
3:4 那時，猶大和耶路撒冷所獻的供物必蒙耶和華悅納，彷彿古時之日、上古之年。
4:5 「看哪，耶和華大而可畏之日未到以前，我要差遣以利亞先知到你們那裏去。
4:6 他必使父親的心轉向兒女，兒女的心轉向父親，免得我來詛咒這地。」"
10,2026-12-08,二,第二週,預備道路,可 1:1–8,曠野的呼聲,經文,"1 神的兒子，耶穌基督福音的起頭。
2 正如以賽亞先知書上記著：「看哪，我要差遣我的使者在你面前，他要為你預備道路。
3 在曠野有聲音呼喊著：預備主的道，修直他的路。」
4 照這話，施洗約翰來到曠野，宣講悔改的洗禮，使罪得赦。
5 猶太全地和全耶路撒冷的人都出去，到約翰那裏，承認他們的罪，在約旦河裏受他的洗。
6 約翰穿駱駝毛的衣服，腰束皮帶，吃的是蝗蟲和野蜜。
7 他宣講，說：「有一位在我以後來的，能力比我更大，我就是彎腰給他解鞋帶也不配。
8 我用水給你們施洗，他卻要用聖靈給你們施洗。」","1 上帝的兒子，耶穌基督福音的起頭。
2 正如以賽亞先知書上記著：「看哪，我要差遣我的使者在你面前，他要為你預備道路。
3 在曠野有聲音呼喊著：預備主的道，修直他的路。」
4 照這話，施洗約翰來到曠野，宣講悔改的洗禮，使罪得赦。
5 猶太全地和全耶路撒冷的人都出去，到約翰那裏，承認他們的罪，在約旦河裏受他的洗。
6 約翰穿駱駝毛的衣服，腰束皮帶，吃的是蝗蟲和野蜜。
7 他宣講，說：「有一位在我以後來的，能力比我更大，我就是彎腰給他解鞋帶也不配。
8 我用水給你們施洗，他卻要用聖靈給你們施洗。」"
11,2026-12-09,三,第二週,預備道路,路 3:1–6,一切山窪都要填滿,經文,"1 凱撒提庇留在位第十五年，本丟‧彼拉多作猶太總督，希律作加利利分封的王，他兄弟腓力作以土利亞和特拉可尼地區分封的王，呂撒聶作亞比利尼分封的王，
2 亞那和該亞法作大祭司。那時，撒迦利亞的兒子約翰在曠野裏，神的話臨到他。
3 他就走遍約旦河一帶地方，宣講悔改的洗禮，使罪得赦。
4 正如以賽亞先知書上所記的話：「在曠野有聲音呼喊著：預備主的道，修直他的路！
5 一切山窪都要填滿；大小山岡都要削平！彎彎曲曲的地方要改為筆直；高高低低的道路要改為平坦！
6 凡有血肉之軀的，都要看見神的救恩！」","1 凱撒提庇留在位第十五年，本丟‧彼拉多作猶太總督，希律作加利利分封的王，他兄弟腓力作以土利亞和特拉可尼地區分封的王，呂撒聶作亞比利尼分封的王，
2 亞那和該亞法作大祭司。那時，撒迦利亞的兒子約翰在曠野裏，上帝的話臨到他。
3 他就走遍約旦河一帶地方，宣講悔改的洗禮，使罪得赦。
4 正如以賽亞先知書上所記的話：「在曠野有聲音呼喊著：預備主的道，修直他的路！
5 一切山窪都要填滿；大小山岡都要削平！彎彎曲曲的地方要改為筆直；高高低低的道路要改為平坦！
6 凡有血肉之軀的，都要看見上帝的救恩！」"
12,2026-12-10,四,第二週,預備道路,路 3:7–14,我們該做甚麼呢？,經文,"7 約翰對那出來要受他洗的眾人說：「毒蛇的孽種啊，誰指示你們逃避那將要來的憤怒呢？
8 你們要結出果子來，和悔改的心相稱。不要自己心裏說：『我們有亞伯拉罕為祖宗。』我告訴你們，神能從這些石頭中給亞伯拉罕興起子孫來。
9 現在斧子已經放在樹根上，凡不結好果子的樹就砍下來，丟在火裏。」
10 眾人問他：「這樣，我們該做甚麼呢？」
11 約翰回答：「有兩件衣裳的，就分給那沒有的；有食物的，也該這樣做。」
12 也有稅吏來要受洗，對他說：「老師，我們該做甚麼呢？」
13 約翰對他們說：「除了規定的數目，不要多收。」
14 也有士兵問他說：「我們該做甚麼呢？」約翰說：「不要勒索任何人，也不要敲詐人；自己有糧餉就該知足。」","7 約翰對那出來要受他洗的眾人說：「毒蛇的孽種啊，誰指示你們逃避那將要來的憤怒呢？
8 你們要結出果子來，和悔改的心相稱。不要自己心裏說：『我們有亞伯拉罕為祖宗。』我告訴你們，上帝能從這些石頭中給亞伯拉罕興起子孫來。
9 現在斧子已經放在樹根上，凡不結好果子的樹就砍下來，丟在火裏。」
10 眾人問他：「這樣，我們該做甚麼呢？」
11 約翰回答：「有兩件衣裳的，就分給那沒有的；有食物的，也該這樣做。」
12 也有稅吏來要受洗，對他說：「老師，我們該做甚麼呢？」
13 約翰對他們說：「除了規定的數目，不要多收。」
14 也有士兵問他說：「我們該做甚麼呢？」約翰說：「不要勒索任何人，也不要敲詐人；自己有糧餉就該知足。」"
13,2026-12-11,五,第二週,預備道路,"約 1:6–8, 19–28",我不是基督,經文,"6 有一個人，是從神那裏差來的，名叫約翰。
7 這人來是為了作見證，是為那光作見證，要使眾人藉著他而信。
8 他不是那光，而是要為那光作見證。
19 這是約翰的見證：猶太人從耶路撒冷差祭司和利未人到約翰那裏去問他：「你是誰？」
20 他就承認，並不隱瞞，承認說：「我不是基督。」
21 他們又問他：「那麼，你是誰？是以利亞嗎？」他說：「我不是。」「是那位先知嗎？」他回答：「不是。」
22 於是他們對他說：「你到底是誰，好讓我們回覆差我們來的人。你說，你自己是誰？」
23 他說：「我就是那在曠野呼喊的聲音：修直主的道。」正如以賽亞先知所說的。
24 那些人是法利賽人差來的。
25 他們就問他：「你既不是基督，不是以利亞，也不是那位先知，那麼，你為甚麼施洗呢？」
26 約翰回答：「我是用水施洗，但有一位站在你們中間，是你們不認識的，
27 就是那在我以後來的，我給他解鞋帶也不配。」
28 這些事發生在約旦河東邊的伯大尼，約翰施洗的地方。","6 有一個人，是從上帝那裏差來的，名叫約翰。
7 這人來是為了作見證，是為那光作見證，要使眾人藉著他而信。
8 他不是那光，而是要為那光作見證。
19 這是約翰的見證：猶太人從耶路撒冷差祭司和利未人到約翰那裏去問他：「你是誰？」
20 他就承認，並不隱瞞，承認說：「我不是基督。」
21 他們又問他：「那麼，你是誰？是以利亞嗎？」他說：「我不是。」「是那位先知嗎？」他回答：「不是。」
22 於是他們對他說：「你到底是誰，好讓我們回覆差我們來的人。你說，你自己是誰？」
23 他說：「我就是那在曠野呼喊的聲音：修直主的道。」正如以賽亞先知所說的。
24 那些人是法利賽人差來的。
25 他們就問他：「你既不是基督，不是以利亞，也不是那位先知，那麼，你為甚麼施洗呢？」
26 約翰回答：「我是用水施洗，但有一位站在你們中間，是你們不認識的，
27 就是那在我以後來的，我給他解鞋帶也不配。」
28 這些事發生在約旦河東邊的伯大尼，約翰施洗的地方。"
14,2026-12-12,六,第二週,預備道路,彼後 3:8–15,等候中的忍耐,經文,"8 親愛的，有一件事你們不可忘記，就是：主看一日如千年，千年如一日。
9 主沒有遲延他的應許，就如有人以為他是遲延，其實他是寬容你們，不願一人沉淪，而是人人都來悔改。
10 但主的日子要像賊一樣來到；那日，天必在轟然一聲中消失，天體都要被烈火熔化，地和地上的萬物都要燒盡。
11 既然這一切都要如此消失，你們處世為人必須聖潔敬虔，
12 等候並催促神的日子來到。因為在那日，天要被火燒而消滅，天體都要被烈火熔化。
13 但照他的應許，我們等候新天新地，其中有正義常住。
14 所以，親愛的，既然你們等候這些事，就要竭力使自己沒有玷污，無可指責，在主前和睦；
15 並且要以我們主的容忍作為你們得救的機會，就如我們所親愛的弟兄保羅，照著所賜給他的智慧寫信給你們。","8 親愛的，有一件事你們不可忘記，就是：主看一日如千年，千年如一日。
9 主沒有遲延他的應許，就如有人以為他是遲延，其實他是寬容你們，不願一人沉淪，而是人人都來悔改。
10 但主的日子要像賊一樣來到；那日，天必在轟然一聲中消失，天體都要被烈火熔化，地和地上的萬物都要燒盡。
11 既然這一切都要如此消失，你們處世為人必須聖潔敬虔，
12 等候並催促上帝的日子來到。因為在那日，天要被火燒而消滅，天體都要被烈火熔化。
13 但照他的應許，我們等候新天新地，其中有正義常住。
14 所以，親愛的，既然你們等候這些事，就要竭力使自己沒有玷污，無可指責，在主前和睦；
15 並且要以我們主的容忍作為你們得救的機會，就如我們所親愛的弟兄保羅，照著所賜給他的智慧寫信給你們。"
15,2026-12-13,日,第三週,等候的人,詩 126,流淚撒種的，必歡呼收割,主日詩篇＋一週感受回顧,"1 當耶和華使錫安被擄的人歸回的時候，我們好像做夢的人。
2 那時，我們滿口喜笑、滿舌歡呼；那時，列國中就有人說：「耶和華為他們行了大事！」
3 耶和華果然為我們行了大事，我們就歡喜。
4 耶和華啊，求你使我們這些被擄的人歸回，好像尼革夫的河水復流。
5 流淚撒種的，必歡呼收割！
6 那帶種流淚出去的，必歡呼地帶禾捆回來！","1 當耶和華使錫安被擄的人歸回的時候，我們好像做夢的人。
2 那時，我們滿口喜笑、滿舌歡呼；那時，列國中就有人說：「耶和華為他們行了大事！」
3 耶和華果然為我們行了大事，我們就歡喜。
4 耶和華啊，求你使我們這些被擄的人歸回，好像尼革夫的河水復流。
5 流淚撒種的，必歡呼收割！
6 那帶種流淚出去的，必歡呼地帶禾捆回來！"
16,2026-12-14,一,第三週,等候的人,路 1:5–17,撒迦利亞：你的祈禱已經被聽見了,經文,"5 在希律作猶太王的時候，亞比雅班裏有一個祭司，名叫撒迦利亞；他妻子是亞倫的後代，名叫伊利莎白。
6 他們兩人在神面前都是義人，遵行主的一切誡命和條例，沒有可指責的。
7 只是他們沒有孩子，因為伊利莎白不生育，兩個人又年紀老邁了。
8 撒迦利亞按班次在神面前執行祭司的職務，
9 照祭司的規矩抽籤，進到主的殿裏燒香。
10 燒香的時候，眾百姓在外面禱告。
11 有主的一個使者站在香壇的右邊，向他顯現。
12 撒迦利亞看見，就驚慌害怕。
13 天使對他說：「撒迦利亞，不要害怕，因為你的祈禱已經被聽見了。你的妻子伊利莎白要給你生一個兒子，你要給他起名叫約翰。
14 你必歡喜快樂；有許多人因他出世也必喜樂。
15 他在主面前將要為大，淡酒烈酒都不喝，從母腹裏就被聖靈充滿。
16 他要使許多以色列人回轉，歸於主—他們的神。
17 他將有以利亞的精神和能力，走在主的前面，叫父親的心轉向兒女，叫悖逆的人轉向義人的智慧，又為主預備迎接他的百姓。」","5 在希律作猶太王的時候，亞比雅班裏有一個祭司，名叫撒迦利亞；他妻子是亞倫的後代，名叫伊利莎白。
6 他們兩人在上帝面前都是義人，遵行主的一切誡命和條例，沒有可指責的。
7 只是他們沒有孩子，因為伊利莎白不生育，兩個人又年紀老邁了。
8 撒迦利亞按班次在上帝面前執行祭司的職務，
9 照祭司的規矩抽籤，進到主的殿裏燒香。
10 燒香的時候，眾百姓在外面禱告。
11 有主的一個使者站在香壇的右邊，向他顯現。
12 撒迦利亞看見，就驚慌害怕。
13 天使對他說：「撒迦利亞，不要害怕，因為你的祈禱已經被聽見了。你的妻子伊利莎白要給你生一個兒子，你要給他起名叫約翰。
14 你必歡喜快樂；有許多人因他出世也必喜樂。
15 他在主面前將要為大，淡酒烈酒都不喝，從母腹裏就被聖靈充滿。
16 他要使許多以色列人回轉，歸於主—他們的上帝。
17 他將有以利亞的精神和能力，走在主的前面，叫父親的心轉向兒女，叫悖逆的人轉向義人的智慧，又為主預備迎接他的百姓。」"
17,2026-12-15,二,第三週,等候的人,路 1:18–25,撒迦利亞的疑問，伊利莎白的羞恥被除掉,經文,"18 撒迦利亞對天使說：「我怎麼能知道這事呢？我已經老了，我的妻子也年紀老邁了。」
19 天使回答他說：「我是站在神面前的加百列，奉差遣來對你說話，把這好信息報給你。
20 到了時候，這些話必然應驗；只因你不信我的話，你會成為啞巴，不能說話，直到這些事實現的日子。」
21 百姓等候撒迦利亞，詫異他在聖所裏遲延那麼久。
22 到他出來，卻不能和他們說話，他們就知道他在聖所裏見了異象；他直向他們打手勢，因為他成了啞巴。
23 他供職的日子一滿，就回家去了。
24 這些日子以後，他的妻子伊利莎白就懷孕，隱藏了五個月；
25 她說：「主在眷顧我的日子，這樣看顧我，要除掉我在人前的羞恥。」","18 撒迦利亞對天使說：「我怎麼能知道這事呢？我已經老了，我的妻子也年紀老邁了。」
19 天使回答他說：「我是站在上帝面前的加百列，奉差遣來對你說話，把這好信息報給你。
20 到了時候，這些話必然應驗；只因你不信我的話，你會成為啞巴，不能說話，直到這些事實現的日子。」
21 百姓等候撒迦利亞，詫異他在聖所裏遲延那麼久。
22 到他出來，卻不能和他們說話，他們就知道他在聖所裏見了異象；他直向他們打手勢，因為他成了啞巴。
23 他供職的日子一滿，就回家去了。
24 這些日子以後，他的妻子伊利莎白就懷孕，隱藏了五個月；
25 她說：「主在眷顧我的日子，這樣看顧我，要除掉我在人前的羞恥。」"
18,2026-12-16,三,第三週,等候的人,路 1:26–38,馬利亞：願意照你的話實現,經文,"26 到了第六個月，天使加百列奉神的差遣往加利利的一座城去，這城名叫拿撒勒，
27 到一個童女那裏，她已經許配大衛家的一個人，名叫約瑟；童女的名字叫馬利亞。
28 天使進去，對她說：「蒙大恩的女子，你好，主和你同在！」
29 馬利亞因這話就很驚慌，又反覆思考這樣問候是甚麼意思。
30 天使對她說：「馬利亞，不要怕，你在神面前已經蒙恩了。
31 你要懷孕生子，要給他起名叫耶穌。
32 他將要為大，稱為至高者的兒子；主神要把他祖先大衛的王位給他。
33 他要作雅各家的王，直到永遠；他的國沒有窮盡。」
34 馬利亞對天使說：「我沒有出嫁，怎麼會有這事呢？」
35 天使回答她說：「聖靈要臨到你身上；至高者的能力要庇蔭你，因此，那要出生的聖者要稱為神的兒子。
36 況且，你的親戚伊利莎白，就是那素來稱為不生育的，在年老的時候也懷了男胎，現在懷孕六個月了。
37 因為，出於神的話，沒有一句不帶能力的。」
38 馬利亞說：「我是主的使女，願意照你的話實現在我身上。」於是天使離開她去了。","26 到了第六個月，天使加百列奉上帝的差遣往加利利的一座城去，這城名叫拿撒勒，
27 到一個童女那裏，她已經許配大衛家的一個人，名叫約瑟；童女的名字叫馬利亞。
28 天使進去，對她說：「蒙大恩的女子，你好，主和你同在！」
29 馬利亞因這話就很驚慌，又反覆思考這樣問候是甚麼意思。
30 天使對她說：「馬利亞，不要怕，你在上帝面前已經蒙恩了。
31 你要懷孕生子，要給他起名叫耶穌。
32 他將要為大，稱為至高者的兒子；主上帝要把他祖先大衛的王位給他。
33 他要作雅各家的王，直到永遠；他的國沒有窮盡。」
34 馬利亞對天使說：「我沒有出嫁，怎麼會有這事呢？」
35 天使回答她說：「聖靈要臨到你身上；至高者的能力要庇蔭你，因此，那要出生的聖者要稱為上帝的兒子。
36 況且，你的親戚伊利莎白，就是那素來稱為不生育的，在年老的時候也懷了男胎，現在懷孕六個月了。
37 因為，出於上帝的話，沒有一句不帶能力的。」
38 馬利亞說：「我是主的使女，願意照你的話實現在我身上。」於是天使離開她去了。"
19,2026-12-17,四,第三週,等候的人,路 1:39–45,伊利莎白：腹裏的胎歡喜跳動,經文,"39 在那些日子，馬利亞起身，急忙前往山區，來到猶大的一座城，
40 進了撒迦利亞的家，向伊利莎白問安。
41 伊利莎白一聽到馬利亞問安，所懷的胎就在腹裏跳動。伊利莎白被聖靈充滿，
42 高聲喊著說：「你在婦女中是有福的！你所懷的胎也是有福的！
43 我主的母親到我這裏來，為何這事臨到我呢？
44 因為你問安的聲音一入我耳，我腹裏的胎就歡喜跳動。
45 這相信的女子是有福的！因為主對她所說的話都要應驗。」","39 在那些日子，馬利亞起身，急忙前往山區，來到猶大的一座城，
40 進了撒迦利亞的家，向伊利莎白問安。
41 伊利莎白一聽到馬利亞問安，所懷的胎就在腹裏跳動。伊利莎白被聖靈充滿，
42 高聲喊著說：「你在婦女中是有福的！你所懷的胎也是有福的！
43 我主的母親到我這裏來，為何這事臨到我呢？
44 因為你問安的聲音一入我耳，我腹裏的胎就歡喜跳動。
45 這相信的女子是有福的！因為主對她所說的話都要應驗。」"
20,2026-12-18,五,第三週,等候的人,路 1:46–56,馬利亞的尊主頌,經文,"46 馬利亞說：「我心尊主為大；
47 我靈以神我的救主為樂；
48 因為他顧念他使女的卑微；從今以後，萬代要稱我有福。
49 因為那有權能的為我做了大事；他的名是聖的。
50 他憐憫敬畏他的人，直到世世代代。
51 他用膀臂施展大能；他趕散心裏妄想的狂傲人。
52 他叫有權柄的失位，叫卑賤的升高。
53 他叫飢餓的飽餐美食，叫富足的空手回去。
54 他扶助了他的僕人以色列，不忘記施憐憫，
55 正如他對我們的列祖說過，『憐憫亞伯拉罕和他的後裔，直到永遠。』」
56 馬利亞和伊利莎白同住，約有三個月，然後回家去了。","46 馬利亞說：「我心尊主為大；
47 我靈以上帝我的救主為樂；
48 因為他顧念他使女的卑微；從今以後，萬代要稱我有福。
49 因為那有權能的為我做了大事；他的名是聖的。
50 他憐憫敬畏他的人，直到世世代代。
51 他用膀臂施展大能；他趕散心裏妄想的狂傲人。
52 他叫有權柄的失位，叫卑賤的升高。
53 他叫飢餓的飽餐美食，叫富足的空手回去。
54 他扶助了他的僕人以色列，不忘記施憐憫，
55 正如他對我們的列祖說過，『憐憫亞伯拉罕和他的後裔，直到永遠。』」
56 馬利亞和伊利莎白同住，約有三個月，然後回家去了。"
21,2026-12-19,六,第三週,等候的人,"路 1:57–66, 76–79",撒迦利亞開口：清晨的日光,經文,"57 伊利莎白的產期到了，生了一個兒子。
58 鄰里親屬聽見主向她大施憐憫，就和她一同歡樂。
59 到了第八日，他們來給孩子行割禮，並要照他父親的名字叫他撒迦利亞。
60 他母親回應說：「不！要叫他約翰。」
61 他們對她說：「你親族中沒有叫這名字的。」
62 他們就向他父親打手勢，問他這孩子要叫甚麼名字。
63 他要了一塊寫字的板，寫上：「他的名字是約翰。」他們就都驚訝。
64 撒迦利亞的口立刻開了，舌頭也鬆了，就開始說話稱頌神。
65 周圍居住的人都懼怕；這一切的事就傳遍了猶太山區。
66 凡聽見的人都把這事放在心裏，他們說：「這個孩子將來會怎麼樣呢？」因為有主的手與他同在。
76 孩子啊，你要稱為至高者的先知；因為你要走在主的前面，為他預備道路，
77 叫他的百姓因罪得赦，認識救恩；
78 因我們神憐憫的心腸，叫清晨的日光從高天臨到我們，
79 要照亮坐在黑暗中死蔭裏的人，把我們的腳引到和平的路上。』」","57 伊利莎白的產期到了，生了一個兒子。
58 鄰里親屬聽見主向她大施憐憫，就和她一同歡樂。
59 到了第八日，他們來給孩子行割禮，並要照他父親的名字叫他撒迦利亞。
60 他母親回應說：「不！要叫他約翰。」
61 他們對她說：「你親族中沒有叫這名字的。」
62 他們就向他父親打手勢，問他這孩子要叫甚麼名字。
63 他要了一塊寫字的板，寫上：「他的名字是約翰。」他們就都驚訝。
64 撒迦利亞的口立刻開了，舌頭也鬆了，就開始說話稱頌上帝。
65 周圍居住的人都懼怕；這一切的事就傳遍了猶太山區。
66 凡聽見的人都把這事放在心裏，他們說：「這個孩子將來會怎麼樣呢？」因為有主的手與他同在。
76 孩子啊，你要稱為至高者的先知；因為你要走在主的前面，為他預備道路，
77 叫他的百姓因罪得赦，認識救恩；
78 因我們上帝憐憫的心腸，叫清晨的日光從高天臨到我們，
79 要照亮坐在黑暗中死蔭裏的人，把我們的腳引到和平的路上。』」"
22,2026-12-20,日,第四週,降生,詩 98,全地都要歡呼,主日詩篇＋一週感受回顧,"1 你們要向耶和華唱新歌！因為他行過奇妙的事，他的右手和聖臂施行救恩。
2 耶和華顯明了他的救恩，在列國眼前顯出公義；
3 記念他對以色列家的慈愛和信實。地的四極都看見我們神的救恩。
4 全地都要向耶和華歡呼，要揚聲，歡唱，歌頌！
5 用琴歌頌耶和華，用琴和詩歌的聲音歌頌他！
6 用號筒和角聲，在大君王耶和華面前歡呼！
7 願海和其中所充滿的澎湃，願世界和住在其間的發聲。
8 願大水拍掌，願諸山在耶和華面前一同歡呼；
9 因為他來要審判全地。他要按公義審判世界，按公正審判萬民。","1 你們要向耶和華唱新歌！因為他行過奇妙的事，他的右手和聖臂施行救恩。
2 耶和華顯明了他的救恩，在列國眼前顯出公義；
3 記念他對以色列家的慈愛和信實。地的四極都看見我們上帝的救恩。
4 全地都要向耶和華歡呼，要揚聲，歡唱，歌頌！
5 用琴歌頌耶和華，用琴和詩歌的聲音歌頌他！
6 用號筒和角聲，在大君王耶和華面前歡呼！
7 願海和其中所充滿的澎湃，願世界和住在其間的發聲。
8 願大水拍掌，願諸山在耶和華面前一同歡呼；
9 因為他來要審判全地。他要按公義審判世界，按公正審判萬民。"
23,2026-12-21,一,第四週,降生,太 1:18–25,約瑟：不要怕,經文,"18 耶穌基督降生的事記在下面：他母親馬利亞已經許配給約瑟，還沒有迎娶，馬利亞就從聖靈懷了孕。
19 她丈夫約瑟是個義人，不願意當眾羞辱她，想要暗地裏把她休了。
20 正考慮這些事的時候，忽然主的使者在約瑟夢中向他顯現，說：「大衛的子孫約瑟，不要怕，把你的妻子馬利亞娶過來，因她所懷的孕是從聖靈來的。
21 她將要生一個兒子，你要給他起名叫耶穌，因他要將自己的百姓從罪惡裏救出來。」
22 這整件事的發生，是要應驗主藉先知所說的話：
23 「必有童女懷孕生子；人要稱他的名為以馬內利。」（以馬內利翻出來就是「神與我們同在」。）
24 約瑟醒來，就遵照主的使者的吩咐把妻子娶過來；
25 但是沒有和她同房，直到她生了兒子，就給他起名叫耶穌。","18 耶穌基督降生的事記在下面：他母親馬利亞已經許配給約瑟，還沒有迎娶，馬利亞就從聖靈懷了孕。
19 她丈夫約瑟是個義人，不願意當眾羞辱她，想要暗地裏把她休了。
20 正考慮這些事的時候，忽然主的使者在約瑟夢中向他顯現，說：「大衛的子孫約瑟，不要怕，把你的妻子馬利亞娶過來，因她所懷的孕是從聖靈來的。
21 她將要生一個兒子，你要給他起名叫耶穌，因他要將自己的百姓從罪惡裏救出來。」
22 這整件事的發生，是要應驗主藉先知所說的話：
23 「必有童女懷孕生子；人要稱他的名為以馬內利。」（以馬內利翻出來就是「上帝與我們同在」。）
24 約瑟醒來，就遵照主的使者的吩咐把妻子娶過來；
25 但是沒有和她同房，直到她生了兒子，就給他起名叫耶穌。"
24,2026-12-22,二,第四週,降生,撒下 7:8–16,神為大衛建立家室,經文,"8 現在，你要對我僕人大衛這樣說：『萬軍之耶和華如此說：我從羊圈中將你召來，叫你不再牧放羊群，立你作我百姓以色列的君王。
9 你無論往哪裏去，我都與你同在，剪除你所有的仇敵。我必使你得大名，好像世上偉人的名一樣。
10 我必為我百姓以色列選定一個地方，栽植他們，使他們住自己的地方，不再受攪擾；兇惡之子也不像從前那樣苦待他們，
11 並不像我命令士師治理我百姓以色列的日子。我必使你平靜，不受任何仇敵攪擾，並且耶和華應許你，耶和華必為你建立家室。
12 當你壽數滿足、與你祖先同睡的時候，我必使你身所生的後裔接續你；我也必堅定他的國。
13 他必為我的名建造殿宇，我必堅定他國度的王位，直到永遠。
14 我要作他的父，他要作我的子；他若犯了罪，我必用人的杖，用世人的鞭責罰他。
15 但我的慈愛仍不離開他，像離開在你面前所廢的掃羅一樣。
16 你的家和你的國必在你面前永遠堅立，你的王位也必堅定，直到永遠。』」","8 現在，你要對我僕人大衛這樣說：『萬軍之耶和華如此說：我從羊圈中將你召來，叫你不再牧放羊群，立你作我百姓以色列的君王。
9 你無論往哪裏去，我都與你同在，剪除你所有的仇敵。我必使你得大名，好像世上偉人的名一樣。
10 我必為我百姓以色列選定一個地方，栽植他們，使他們住自己的地方，不再受攪擾；兇惡之子也不像從前那樣苦待他們，
11 並不像我命令士師治理我百姓以色列的日子。我必使你平靜，不受任何仇敵攪擾，並且耶和華應許你，耶和華必為你建立家室。
12 當你壽數滿足、與你祖先同睡的時候，我必使你身所生的後裔接續你；我也必堅定他的國。
13 他必為我的名建造殿宇，我必堅定他國度的王位，直到永遠。
14 我要作他的父，他要作我的子；他若犯了罪，我必用人的杖，用世人的鞭責罰他。
15 但我的慈愛仍不離開他，像離開在你面前所廢的掃羅一樣。
16 你的家和你的國必在你面前永遠堅立，你的王位也必堅定，直到永遠。』」"
25,2026-12-23,三,第四週,降生,彌 5:2–5,伯利恆的以法他,經文,"2 伯利恆的以法他啊，你在猶大諸城中雖小，將來必有一位從你那裏出來，在以色列中為我作掌權者；他的根源自亙古，從太初就有。
3 因此，耶和華要將以色列人交給敵人，直到臨產的婦人生下孩子；那時，他其餘的弟兄必回到以色列人那裏。
4 他必倚靠耶和華的大能，倚靠耶和華－他神之名的威嚴，站立並牧養，使他們安然居住；因為現在他必尊大，直到地極。
5 這位就是和平。當亞述侵入我們領土，踐踏我們宮殿時，我們就立七個牧者，八個領袖攻擊它。","2 伯利恆的以法他啊，你在猶大諸城中雖小，將來必有一位從你那裏出來，在以色列中為我作掌權者；他的根源自亙古，從太初就有。
3 因此，耶和華要將以色列人交給敵人，直到臨產的婦人生下孩子；那時，他其餘的弟兄必回到以色列人那裏。
4 他必倚靠耶和華的大能，倚靠耶和華－他上帝之名的威嚴，站立並牧養，使他們安然居住；因為現在他必尊大，直到地極。
5 這位就是和平。當亞述侵入我們領土，踐踏我們宮殿時，我們就立七個牧者，八個領袖攻擊它。"
26,2026-12-24,四,第四週,降生,路 2:1–7,放在馬槽裏,平安夜,"1 在那些日子，凱撒奧古斯都降旨，叫全國人民都登記戶籍。
2 這第一次登記戶籍是在居里扭作敘利亞總督的時候行的。
3 眾人各歸各城，辦理登記。
4 約瑟也從加利利的拿撒勒城上猶太去，到了大衛的城名叫伯利恆，因為他是大衛家族的人，
5 要和他所聘之妻馬利亞一同登記戶籍。那時馬利亞已經懷孕。
6 他們在那裏的時候，馬利亞的產期到了，
7 就生了頭胎的兒子，用布包起來，放在馬槽裏，因為客店裏沒有地方。","1 在那些日子，凱撒奧古斯都降旨，叫全國人民都登記戶籍。
2 這第一次登記戶籍是在居里扭作敘利亞總督的時候行的。
3 眾人各歸各城，辦理登記。
4 約瑟也從加利利的拿撒勒城上猶太去，到了大衛的城名叫伯利恆，因為他是大衛家族的人，
5 要和他所聘之妻馬利亞一同登記戶籍。那時馬利亞已經懷孕。
6 他們在那裏的時候，馬利亞的產期到了，
7 就生了頭胎的兒子，用布包起來，放在馬槽裏，因為客店裏沒有地方。"
27,2026-12-25,五,第四週,降生,路 2:8–20,大喜的信息,聖誕日,"8 在伯利恆的野外有牧羊人，夜間值班看守羊群。
9 有主的一個使者站在他們旁邊，主的榮光四面照著他們，牧羊人就很懼怕。
10 那天使對他們說：「不要懼怕！看哪！因為我報給你們大喜的信息，是關乎萬民的：
11 因今天在大衛的城裏，為你們生了救主，就是主基督。
12 你們要看見一個嬰孩，包著布，臥在馬槽裏，那就是給你們的記號。」
13 忽然，有一大隊天兵同那天使讚美神說：
14 「在至高之處榮耀歸與神！在地上平安歸與他所喜悅的人！」
15 眾天使離開他們，升天去了。牧羊人彼此說：「我們往伯利恆去，看看所成的事，就是主所告訴我們的。」
16 他們急忙去了，找到馬利亞和約瑟，還有那嬰孩臥在馬槽裏。
17 他們看見，就把天使論這孩子的話傳開了。
18 聽見的人都詫異牧羊人對他們所說的話。
19 馬利亞卻把這一切的事存在心裏，反覆思考。
20 牧羊人回去了，因所聽見所看見的一切事，正如天使向他們所說的，就歸榮耀於神，讚美他。","8 在伯利恆的野外有牧羊人，夜間值班看守羊群。
9 有主的一個使者站在他們旁邊，主的榮光四面照著他們，牧羊人就很懼怕。
10 那天使對他們說：「不要懼怕！看哪！因為我報給你們大喜的信息，是關乎萬民的：
11 因今天在大衛的城裏，為你們生了救主，就是主基督。
12 你們要看見一個嬰孩，包著布，臥在馬槽裏，那就是給你們的記號。」
13 忽然，有一大隊天兵同那天使讚美上帝說：
14 「在至高之處榮耀歸與上帝！在地上平安歸與他所喜悅的人！」
15 眾天使離開他們，升天去了。牧羊人彼此說：「我們往伯利恆去，看看所成的事，就是主所告訴我們的。」
16 他們急忙去了，找到馬利亞和約瑟，還有那嬰孩臥在馬槽裏。
17 他們看見，就把天使論這孩子的話傳開了。
18 聽見的人都詫異牧羊人對他們所說的話。
19 馬利亞卻把這一切的事存在心裏，反覆思考。
20 牧羊人回去了，因所聽見所看見的一切事，正如天使向他們所說的，就歸榮耀於上帝，讚美他。"
